{"cameraMode":{"drawMode":0,"name":"Shaded","section":"Shading Mode"},"sceneLighting":false,"audioPlay":false,"sceneViewState":{"showFog":true,"showMaterialUpdate":false,"showSkybox":true,"showFlares":true,"showImageEffects":true,"showParticleSystems":true},"in2DMode":false,"pivot":{"x":85.90216064453125,"y":-31.323822021484376,"z":153.5010986328125},"rotation":{"x":-0.07363743335008621,"y":-0.9140762686729431,"z":0.34908998012542727,"w":-0.1928168684244156},"size":5.269460678100586,"orthographic":false}