{"cameraMode":{"drawMode":0,"name":"Shaded","section":"Shading Mode"},"sceneLighting":true,"audioPlay":false,"sceneViewState":{"showFog":true,"showMaterialUpdate":false,"showSkybox":true,"showFlares":true,"showImageEffects":true,"showParticleSystems":true},"in2DMode":false,"pivot":{"x":-17.249990463256837,"y":-18.6037540435791,"z":18.423402786254884},"rotation":{"x":-0.3271860182285309,"y":0.46920931339263918,"z":-0.192543625831604,"w":-0.7973198294639587},"size":43.583580017089847,"orthographic":false}