{"cameraMode":{"drawMode":0,"name":"Shaded","section":"Shading Mode"},"sceneLighting":false,"audioPlay":false,"sceneViewState":{"showFog":true,"showMaterialUpdate":false,"showSkybox":true,"showFlares":true,"showImageEffects":true,"showParticleSystems":true},"in2DMode":false,"pivot":{"x":0.0015438348054885865,"y":0.4409870505332947,"z":1.51923668384552},"rotation":{"x":-0.17797841131687165,"y":-0.6900473237037659,"z":0.1812131553888321,"w":-0.6777316927909851},"size":2.7844574451446535,"orthographic":false}