{"cameraMode":{"drawMode":0,"name":"Shaded","section":"Shading Mode"},"sceneLighting":false,"audioPlay":false,"sceneViewState":{"showFog":true,"showMaterialUpdate":false,"showSkybox":true,"showFlares":true,"showImageEffects":true,"showParticleSystems":true},"in2DMode":false,"pivot":{"x":2.8474855422973635,"y":-0.000993683934211731,"z":-6.023618698120117},"rotation":{"x":-0.056461531668901446,"y":-0.8143640160560608,"z":0.5719799995422363,"w":-0.08038835227489472},"size":12.987292289733887,"orthographic":false}