{"cameraMode":{"drawMode":0,"name":"Shaded","section":"Shading Mode"},"sceneLighting":false,"audioPlay":false,"sceneViewState":{"showFog":true,"showMaterialUpdate":false,"showSkybox":true,"showFlares":true,"showImageEffects":true,"showParticleSystems":true},"in2DMode":false,"pivot":{"x":-0.01658850908279419,"y":-1.8052089214324952,"z":-0.9783917665481567},"rotation":{"x":-0.07363743335008621,"y":-0.9140762686729431,"z":0.34908998012542727,"w":-0.1928168684244156},"size":4.884087562561035,"orthographic":false}