{"cameraMode":{"drawMode":0,"name":"Shaded","section":"Shading Mode"},"sceneLighting":false,"audioPlay":false,"sceneViewState":{"showFog":true,"showMaterialUpdate":false,"showSkybox":true,"showFlares":true,"showImageEffects":true,"showParticleSystems":true},"in2DMode":false,"pivot":{"x":2.68741512298584,"y":-0.16366742551326753,"z":6.066150665283203},"rotation":{"x":0.07341451197862625,"y":-0.8646815419197083,"z":0.47892332077026369,"w":0.13254708051681519},"size":12.975373268127442,"orthographic":false}