{"cameraMode":{"drawMode":0,"name":"Shaded","section":"Shading Mode"},"sceneLighting":false,"audioPlay":false,"sceneViewState":{"showFog":true,"showMaterialUpdate":false,"showSkybox":true,"showFlares":true,"showImageEffects":true,"showParticleSystems":true},"in2DMode":false,"pivot":{"x":0.30359041690826418,"y":0.35360074043273928,"z":1.7531177997589112},"rotation":{"x":-0.2778167128562927,"y":-0.7119640707969666,"z":0.3791232109069824,"w":-0.5217189788818359},"size":4.016301155090332,"orthographic":false}