{"cameraMode":{"drawMode":0,"name":"Shaded","section":"Shading Mode"},"sceneLighting":false,"audioPlay":false,"sceneViewState":{"showFog":true,"showMaterialUpdate":false,"showSkybox":true,"showFlares":true,"showImageEffects":true,"showParticleSystems":true},"in2DMode":false,"pivot":{"x":-3.490880012512207,"y":-0.16366742551326753,"z":0.03397035598754883},"rotation":{"x":0.07341451197862625,"y":-0.8646815419197083,"z":0.47892332077026369,"w":0.13254708051681519},"size":12.975374221801758,"orthographic":false}