{"cameraMode":{"drawMode":0,"name":"Shaded","section":"Shading Mode"},"sceneLighting":false,"audioPlay":false,"sceneViewState":{"showFog":true,"showMaterialUpdate":false,"showSkybox":true,"showFlares":true,"showImageEffects":true,"showParticleSystems":true},"in2DMode":false,"pivot":{"x":7.108253479003906,"y":29.04292106628418,"z":45.827857971191409},"rotation":{"x":-0.056461531668901446,"y":-0.8143640160560608,"z":0.5719799995422363,"w":-0.08038835227489472},"size":1.0402010679244996,"orthographic":false}