{"cameraMode":{"drawMode":0,"name":"Shaded","section":"Shading Mode"},"sceneLighting":false,"audioPlay":false,"sceneViewState":{"showFog":true,"showMaterialUpdate":false,"showSkybox":true,"showFlares":true,"showImageEffects":true,"showParticleSystems":true},"in2DMode":false,"pivot":{"x":5.960464477539063e-8,"y":-0.41100001335144045,"z":-1.1920928955078126e-7},"rotation":{"x":-0.14157286286354066,"y":-0.23861032724380494,"z":0.03518468514084816,"w":-0.960096001625061},"size":0.04041657596826553,"orthographic":false}