{"cameraMode":{"drawMode":0,"name":"Shaded","section":"Shading Mode"},"sceneLighting":false,"audioPlay":false,"sceneViewState":{"showFog":true,"showMaterialUpdate":false,"showSkybox":true,"showFlares":true,"showImageEffects":true,"showParticleSystems":true},"in2DMode":false,"pivot":{"x":0.6814658641815186,"y":0.8122918605804443,"z":-0.7853150963783264},"rotation":{"x":-0.17797841131687165,"y":-0.6900473237037659,"z":0.1812131553888321,"w":-0.6777316927909851},"size":3.2302544116973879,"orthographic":false}