{"cameraMode":{"drawMode":0,"name":"Shaded","section":"Shading Mode"},"sceneLighting":false,"audioPlay":false,"sceneViewState":{"showFog":true,"showMaterialUpdate":false,"showSkybox":true,"showFlares":true,"showImageEffects":true,"showParticleSystems":true},"in2DMode":false,"pivot":{"x":8.879399299621582,"y":-0.0942264199256897,"z":-5.973546981811523},"rotation":{"x":-0.056461531668901446,"y":-0.8143640160560608,"z":0.5719799995422363,"w":-0.08038835227489472},"size":12.977704048156739,"orthographic":false}