{"cameraMode":{"drawMode":0,"name":"Shaded","section":"Shading Mode"},"sceneLighting":false,"audioPlay":false,"sceneViewState":{"showFog":true,"showMaterialUpdate":false,"showSkybox":true,"showFlares":true,"showImageEffects":true,"showParticleSystems":true},"in2DMode":false,"pivot":{"x":-0.9800000190734863,"y":1.6400001049041749,"z":0.0},"rotation":{"x":-0.14157286286354066,"y":-0.23861032724380494,"z":0.03518468514084816,"w":-0.960096001625061},"size":20.351421356201173,"orthographic":false}