{"cameraMode":{"drawMode":0,"name":"Shaded","section":"Shading Mode"},"sceneLighting":false,"audioPlay":false,"sceneViewState":{"showFog":true,"showMaterialUpdate":false,"showSkybox":true,"showFlares":true,"showImageEffects":true,"showParticleSystems":true},"in2DMode":false,"pivot":{"x":-2.011279344558716,"y":0.26242634654045107,"z":0.00437241792678833},"rotation":{"x":-0.07363743335008621,"y":-0.9140762686729431,"z":0.34908998012542727,"w":-0.1928168684244156},"size":2.658400774002075,"orthographic":false}