{"cameraMode":{"drawMode":0,"name":"Shaded","section":"Shading Mode"},"sceneLighting":false,"audioPlay":false,"sceneViewState":{"showFog":true,"showMaterialUpdate":false,"showSkybox":true,"showFlares":true,"showImageEffects":true,"showParticleSystems":true},"in2DMode":false,"pivot":{"x":1.039846420288086,"y":1.519632339477539,"z":5.091729640960693},"rotation":{"x":-0.37580540776252749,"y":0.6225197315216065,"z":-0.45561590790748598,"w":-0.5134721398353577},"size":13.01186752319336,"orthographic":false}