{"cameraMode":{"drawMode":0,"name":"Shaded","section":"Shading Mode"},"sceneLighting":false,"audioPlay":false,"sceneViewState":{"showFog":true,"showMaterialUpdate":false,"showSkybox":true,"showFlares":true,"showImageEffects":true,"showParticleSystems":true},"in2DMode":false,"pivot":{"x":-13.888631820678711,"y":2.4370906352996828,"z":0.03786659240722656},"rotation":{"x":-0.056461531668901446,"y":-0.8143640160560608,"z":0.5719799995422363,"w":-0.08038835227489472},"size":13.635786056518555,"orthographic":false}