{"cameraMode":{"drawMode":0,"name":"Shaded","section":"Shading Mode"},"sceneLighting":false,"audioPlay":false,"sceneViewState":{"showFog":true,"showMaterialUpdate":false,"showSkybox":true,"showFlares":true,"showImageEffects":true,"showParticleSystems":true},"in2DMode":false,"pivot":{"x":21.51470947265625,"y":1.9745450019836426,"z":29.087343215942384},"rotation":{"x":-0.07363743335008621,"y":-0.9140762686729431,"z":0.34908998012542727,"w":-0.1928168684244156},"size":7.3708648681640629,"orthographic":false}