{"cameraMode":{"drawMode":0,"name":"Shaded","section":"Shading Mode"},"sceneLighting":false,"audioPlay":false,"sceneViewState":{"showFog":true,"showMaterialUpdate":false,"showSkybox":true,"showFlares":true,"showImageEffects":true,"showParticleSystems":true},"in2DMode":false,"pivot":{"x":1.2131024599075318,"y":-0.49357715249061587,"z":1.2672415971755982},"rotation":{"x":0.09175769984722138,"y":-0.8478875756263733,"z":0.4982861578464508,"w":0.1561349779367447},"size":15.873517990112305,"orthographic":false}