{"cameraMode":{"drawMode":0,"name":"Shaded","section":"Shading Mode"},"sceneLighting":false,"audioPlay":false,"sceneViewState":{"showFog":true,"showMaterialUpdate":false,"showSkybox":true,"showFlares":true,"showImageEffects":true,"showParticleSystems":true},"in2DMode":false,"pivot":{"x":-3.8960721492767336,"y":-46.75889587402344,"z":-22.158187866210939},"rotation":{"x":0.07341451197862625,"y":-0.8646815419197083,"z":0.47892332077026369,"w":0.13254708051681519},"size":136.68389892578126,"orthographic":false}