{"cameraMode":{"drawMode":0,"name":"Shaded","section":"Shading Mode"},"sceneLighting":false,"audioPlay":false,"sceneViewState":{"showFog":true,"showMaterialUpdate":false,"showSkybox":true,"showFlares":true,"showImageEffects":true,"showParticleSystems":true},"in2DMode":false,"pivot":{"x":-9.398871421813965,"y":1.4901161193847657e-8,"z":-6.066011428833008},"rotation":{"x":-0.056461531668901446,"y":-0.8143640160560608,"z":0.5719799995422363,"w":-0.08038835227489472},"size":12.987430572509766,"orthographic":false}