{"cameraMode":{"drawMode":0,"name":"Shaded","section":"Shading Mode"},"sceneLighting":false,"audioPlay":false,"sceneViewState":{"showFog":true,"showMaterialUpdate":false,"showSkybox":true,"showFlares":true,"showImageEffects":true,"showParticleSystems":true},"in2DMode":false,"pivot":{"x":0.19020232558250428,"y":-2.178453207015991,"z":-2.7296934127807619},"rotation":{"x":-0.07363743335008621,"y":-0.9140762686729431,"z":0.34908998012542727,"w":-0.1928168684244156},"size":4.575319290161133,"orthographic":false}